



Insert into HUDDER_USER (USER_ID,FIRST_NAME,LAST_NAME,USER_ADDRESS,USER_EMAIL,USER_AGE,USER_GENDER,USER_PASSWORD,USER_PROFILE_PICTURE,USER_TYPE,USER_CONTACT_NO,USER_DOB) values (2,'Sameer','Basnet','Bhaktapur','basnetsamir1234@gmail.com',20,'male    ','7348e261a87e711c5f45399dcbec63b8','665252afb018c.jpg','trader',9824305625,to_date('12-OCT-03','DD-MON-RR'));
Insert into HUDDER_USER (USER_ID,FIRST_NAME,LAST_NAME,USER_ADDRESS,USER_EMAIL,USER_AGE,USER_GENDER,USER_PASSWORD,USER_PROFILE_PICTURE,USER_TYPE,USER_CONTACT_NO,USER_DOB) values (6,'Senish','Basnet','Biratneghar','rewat25473@fincainc.com',24,'male    ','7348e261a87e711c5f45399dcbec63b8','6652629187461.jpg','trader',9826756428,to_date('23-JUN-99','DD-MON-RR'));
Insert into HUDDER_USER (USER_ID,FIRST_NAME,LAST_NAME,USER_ADDRESS,USER_EMAIL,USER_AGE,USER_GENDER,USER_PASSWORD,USER_PROFILE_PICTURE,USER_TYPE,USER_CONTACT_NO,USER_DOB) values (1,'Sameer','Basnet','Kathmandu','hudderfoods@gmail.com',21,'male    ','7348e261a87e711c5f45399dcbec63b8','profile.jpg','Admin',9824305625,to_date('10-DEC-03','DD-MON-RR'));
Insert into HUDDER_USER (USER_ID,FIRST_NAME,LAST_NAME,USER_ADDRESS,USER_EMAIL,USER_AGE,USER_GENDER,USER_PASSWORD,USER_PROFILE_PICTURE,USER_TYPE,USER_CONTACT_NO,USER_DOB) values (3,'Sabin','Khanal','Lalitpur','doggydon942@gmail.com',20,'male    ','7348e261a87e711c5f45399dcbec63b8','665257d6219d7.jpg','trader',9849415278,to_date('22-JAN-04','DD-MON-RR'));
Insert into HUDDER_USER (USER_ID,FIRST_NAME,LAST_NAME,USER_ADDRESS,USER_EMAIL,USER_AGE,USER_GENDER,USER_PASSWORD,USER_PROFILE_PICTURE,USER_TYPE,USER_CONTACT_NO,USER_DOB) values (4,'Selika','Basnet','Belbari','basnetsamir2001@gmail.com',18,'female  ','7348e261a87e711c5f45399dcbec63b8','66525bc651dbe.jpg','trader',9817345345,to_date('26-OCT-05','DD-MON-RR'));
Insert into HUDDER_USER (USER_ID,FIRST_NAME,LAST_NAME,USER_ADDRESS,USER_EMAIL,USER_AGE,USER_GENDER,USER_PASSWORD,USER_PROFILE_PICTURE,USER_TYPE,USER_CONTACT_NO,USER_DOB) values (5,'Dinesh','Ayer','Lalitpur','rewat35473@fincainc.com',17,'other   ','7348e261a87e711c5f45399dcbec63b8','66525f1e55f41.jpg','trader',9849415278,to_date('23-NOV-06','DD-MON-RR'));
Insert into HUDDER_USER (USER_ID,FIRST_NAME,LAST_NAME,USER_ADDRESS,USER_EMAIL,USER_AGE,USER_GENDER,USER_PASSWORD,USER_PROFILE_PICTURE,USER_TYPE,USER_CONTACT_NO,USER_DOB) values (7,'Sam','Basnet','Biratneghar','bsameer22@tbc.edu.np',21,'male    ','7348e261a87e711c5f45399dcbec63b8','665264e6c24a3.jpg','customer',9826756428,to_date('23-JAN-03','DD-MON-RR'));

Insert into ADMIN (ADMIN_ID,USER_ID) values (400,1);

Insert into CUSTOMER (CUSTOMER_ID,CUSTOMER_DATE_JOINED,VERIFICATION_CODE,DATE_UPDATED,VERIFIED_CUSTOMER,USER_ID,PROFILE_PICTURE) values (300,to_date('26-MAY-24','DD-MON-RR'),927168,to_date('26-MAY-24','DD-MON-RR'),1,7,'665264e6c24a3.jpg');


Insert into TRADER (TRADER_ID,TRADER_TYPE,SHOP_NAME,VERIFICATION_STATUS,USER_ID,PROFILE_PICTURE,VERIFICATION_CODE,VERFIED_ADMIN,VERIFICATION_SEND) values (200,'1100','Brakery World',1,2,'665252afb018c.jpg',69653,1,1);
Insert into TRADER (TRADER_ID,TRADER_TYPE,SHOP_NAME,VERIFICATION_STATUS,USER_ID,PROFILE_PICTURE,VERIFICATION_CODE,VERFIED_ADMIN,VERIFICATION_SEND) values (204,'1104','Veg World',1,6,'6652629187461.jpg',147589,1,1);
Insert into TRADER (TRADER_ID,TRADER_TYPE,SHOP_NAME,VERIFICATION_STATUS,USER_ID,PROFILE_PICTURE,VERIFICATION_CODE,VERFIED_ADMIN,VERIFICATION_SEND) values (201,'1101','Meat World',1,3,'665257d6219d7.jpg',671178,1,1);
Insert into TRADER (TRADER_ID,TRADER_TYPE,SHOP_NAME,VERIFICATION_STATUS,USER_ID,PROFILE_PICTURE,VERIFICATION_CODE,VERFIED_ADMIN,VERIFICATION_SEND) values (202,'1103','Sea Food World',1,4,'66525bc651dbe.jpg',301668,1,1);
Insert into TRADER (TRADER_ID,TRADER_TYPE,SHOP_NAME,VERIFICATION_STATUS,USER_ID,PROFILE_PICTURE,VERIFICATION_CODE,VERFIED_ADMIN,VERIFICATION_SEND) values (203,'1102','Sweet Worlds',1,5,'66525f1e55f41.jpg',692667,1,1);


Insert into SHOP (SHOP_ID,SHOP_NAME,SHOP_DESCRIPTION,USER_ID,VERIFIED_SHOP,SHOP_PROFILE,SHOP_CATEGORY_ID,REGISTRATION_NO) values (500,'Brakery World','We sell the best bakery items with high quality ingredients.',2,1,'665252afb0501.jpeg',1100,5544669871230);
Insert into SHOP (SHOP_ID,SHOP_NAME,SHOP_DESCRIPTION,USER_ID,VERIFIED_SHOP,SHOP_PROFILE,SHOP_CATEGORY_ID,REGISTRATION_NO) values (504,'Veg World','Welcome to Veg World, your one-stop shop for the freshest, highest-quality vegetables. From leafy greens to root vegetables, we offer a wide variety to meet all your culinary needs. Eat fresh, live healthy!',6,1,'66526291875f4.jpeg',1104,9876543210);
Insert into SHOP (SHOP_ID,SHOP_NAME,SHOP_DESCRIPTION,USER_ID,VERIFIED_SHOP,SHOP_PROFILE,SHOP_CATEGORY_ID,REGISTRATION_NO) values (501,'Meat World','&quot;Meat World: Your Ultimate Destination for Fresh, Quality Meats and Exceptional Service!&quot;',3,1,'665257d621b8d.jpeg',1101,112299873456);
Insert into SHOP (SHOP_ID,SHOP_NAME,SHOP_DESCRIPTION,USER_ID,VERIFIED_SHOP,SHOP_PROFILE,SHOP_CATEGORY_ID,REGISTRATION_NO) values (502,'Sea Food World','Welcome to Sea Food World, your go-to destination for the freshest, finest seafood. From fish and shrimp to oysters and more, we offer a wide variety of high-quality, delicious seafood to delight every palate.',4,1,'66525bc651f5e.jpeg',1103,1213141516171809);
Insert into SHOP (SHOP_ID,SHOP_NAME,SHOP_DESCRIPTION,USER_ID,VERIFIED_SHOP,SHOP_PROFILE,SHOP_CATEGORY_ID,REGISTRATION_NO) values (503,'Sweet Worlds','Welcome to Sweet Worlds, your ultimate destination for exquisite delicacies. From decadent chocolates and gourmet candies to artisanal pastries and delightful confections, we offer a wide array of sweet treats to satisfy every craving. Indulge in the finest sweets and discover a world of flavors!',5,1,'66525f1e56061.jpeg',1102,112299873456);






Insert into WISHLIST (WISHLIST_ID,WISHLIST_CREATED_DATE,WISHLIST_UPDATED_DATE,CUSTOMER_ID) values (1000,to_date('26-MAY-24','DD-MON-RR'),to_date('26-MAY-24','DD-MON-RR'),300);

Insert into CART (CART_ID,CUSTOMER_ID,ORDER_PRODUCT_ID) values (900,300,604);


Insert into PRODUCT_CATEGORY (CATEGORY_ID,CATEGORY_TYPE,CATEGORY_IMAGE) values (1100,'Bakery','66525128cad5b.jpeg');
Insert into PRODUCT_CATEGORY (CATEGORY_ID,CATEGORY_TYPE,CATEGORY_IMAGE) values (1101,'Butcher','6652513b91147.jpeg');
Insert into PRODUCT_CATEGORY (CATEGORY_ID,CATEGORY_TYPE,CATEGORY_IMAGE) values (1102,'Delicatessen','6652517109f27.jpeg');
Insert into PRODUCT_CATEGORY (CATEGORY_ID,CATEGORY_TYPE,CATEGORY_IMAGE) values (1103,'Fish Monger','6652519ff104f.jpeg');
Insert into PRODUCT_CATEGORY (CATEGORY_ID,CATEGORY_TYPE,CATEGORY_IMAGE) values (1104,'Green Grocer','665251c73a1fe.jpeg');

Insert into PRODUCT (PRODUCT_ID,PRODUCT_NAME,PRODUCT_DESCRIPTION,PRODUCT_PRICE,PRODUCT_QUANTITY,STOCK_AVAILABLE,IS_DISABLED,MAX_ORDER,ALLERGY_INFORMATION,PRODUCT_PICTURE,PRODUCT_ADDED_DATE,PRODUCT_UPDATE_DATE,CATEGORY_ID,USER_ID,ADMIN_VERIFIED) values (615,'Blue Cheese','Savor the rich, tangy flavor of our premium Blue Cheese. With its creamy texture and bold, pungent taste, it&#039;s perfect for salads, sauces, or enjoying on its own. Elevate your dishes with this gourmet delight!',5,55,'yes',1,null,'Contains milk. Made in a facility that processes tree nuts, soy, and other dairy products. Please consult with staff for specific allergy concerns or detailed ingredient information.','66525fa6868b8.jpeg',to_date('26-MAY-24','DD-MON-RR'),to_date('26-MAY-24','DD-MON-RR'),1102,5,1);
Insert into PRODUCT (PRODUCT_ID,PRODUCT_NAME,PRODUCT_DESCRIPTION,PRODUCT_PRICE,PRODUCT_QUANTITY,STOCK_AVAILABLE,IS_DISABLED,MAX_ORDER,ALLERGY_INFORMATION,PRODUCT_PICTURE,PRODUCT_ADDED_DATE,PRODUCT_UPDATE_DATE,CATEGORY_ID,USER_ID,ADMIN_VERIFIED) values (616,'Chicken Sausage','Enjoy our flavorful Chicken Sausage, crafted from premium chicken and seasoned with a blend of herbs and spices. Perfect for grilling, saut&eacute;ing, or adding to your favorite recipes. A delicious, versatile choice for any meal!',6,23,'yes',1,null,'Contains chicken. Made in a facility that processes wheat, soy, and other meats. Please consult with staff for specific allergy concerns or detailed ingredient information.','6652600d5bdf0.jpeg',to_date('26-MAY-24','DD-MON-RR'),to_date('26-MAY-24','DD-MON-RR'),1102,5,1);
Insert into PRODUCT (PRODUCT_ID,PRODUCT_NAME,PRODUCT_DESCRIPTION,PRODUCT_PRICE,PRODUCT_QUANTITY,STOCK_AVAILABLE,IS_DISABLED,MAX_ORDER,ALLERGY_INFORMATION,PRODUCT_PICTURE,PRODUCT_ADDED_DATE,PRODUCT_UPDATE_DATE,CATEGORY_ID,USER_ID,ADMIN_VERIFIED) values (617,'Brie Cheese','Experience the creamy, buttery taste of our Brie Cheese. With its soft, edible rind and rich, smooth interior, this French delicacy is perfect for spreading on bread, pairing with fruits, or enjoying on its own. Its mild, earthy flavor and luxurious texture make it a standout addition to any cheese platter or culinary creation.',9,66,'yes',1,null,'Contains milk. Made in a facility that processes tree nuts, soy, and other dairy products. Please consult with staff for specific allergy concerns or detailed ingredient information.','66526086b65b2.jpeg',to_date('26-MAY-24','DD-MON-RR'),to_date('26-MAY-24','DD-MON-RR'),1102,5,1);
Insert into PRODUCT (PRODUCT_ID,PRODUCT_NAME,PRODUCT_DESCRIPTION,PRODUCT_PRICE,PRODUCT_QUANTITY,STOCK_AVAILABLE,IS_DISABLED,MAX_ORDER,ALLERGY_INFORMATION,PRODUCT_PICTURE,PRODUCT_ADDED_DATE,PRODUCT_UPDATE_DATE,CATEGORY_ID,USER_ID,ADMIN_VERIFIED) values (618,'Mozarello','Indulge in our fresh Mozzarella, known for its soft, creamy texture and mild, milky flavor. Perfect for salads, pizzas, and sandwiches, it melts beautifully and enhances any dish with its delicious taste.',45,40,'yes',1,null,'Contains milk. Made in a facility that processes tree nuts, soy, and other dairy products. Please consult with staff for specific allergy concerns or detailed ingredient information.','665260f4bac9f.jpeg',to_date('26-MAY-24','DD-MON-RR'),to_date('26-MAY-24','DD-MON-RR'),1102,5,1);
Insert into PRODUCT (PRODUCT_ID,PRODUCT_NAME,PRODUCT_DESCRIPTION,PRODUCT_PRICE,PRODUCT_QUANTITY,STOCK_AVAILABLE,IS_DISABLED,MAX_ORDER,ALLERGY_INFORMATION,PRODUCT_PICTURE,PRODUCT_ADDED_DATE,PRODUCT_UPDATE_DATE,CATEGORY_ID,USER_ID,ADMIN_VERIFIED) values (619,'Quail Eggs','Discover the gourmet appeal of our Quail Eggs, known for their delicate flavor and rich nutrition. Perfect for appetizers, salads, or gourmet recipes. A unique and elegant addition to any meal!',17,88,'yes',1,null,'Contains eggs. Produced in a facility that handles soy, wheat, and other allergens. Please consult with staff for specific allergy concerns or detailed ingredient information.','66526151ac4e7.jpeg',to_date('26-MAY-24','DD-MON-RR'),to_date('26-MAY-24','DD-MON-RR'),1102,5,1);
Insert into PRODUCT (PRODUCT_ID,PRODUCT_NAME,PRODUCT_DESCRIPTION,PRODUCT_PRICE,PRODUCT_QUANTITY,STOCK_AVAILABLE,IS_DISABLED,MAX_ORDER,ALLERGY_INFORMATION,PRODUCT_PICTURE,PRODUCT_ADDED_DATE,PRODUCT_UPDATE_DATE,CATEGORY_ID,USER_ID,ADMIN_VERIFIED) values (620,'BlackBerry','Enjoy the sweet, tangy flavor of our fresh Blackberries. Bursting with juiciness, they&#039;re perfect for snacking, baking, or adding to your favorite dishes. Rich in vitamins and antioxidants for a healthy treat!',3,77,'yes',1,null,'Blackberries are generally allergen-free but are processed in a facility that handles nuts and other fruits. Please consult with staff for specific allergy concerns or detailed ingredient information.','6652633d1bbfc.jpeg',to_date('26-MAY-24','DD-MON-RR'),to_date('26-MAY-24','DD-MON-RR'),1104,6,1);
Insert into PRODUCT (PRODUCT_ID,PRODUCT_NAME,PRODUCT_DESCRIPTION,PRODUCT_PRICE,PRODUCT_QUANTITY,STOCK_AVAILABLE,IS_DISABLED,MAX_ORDER,ALLERGY_INFORMATION,PRODUCT_PICTURE,PRODUCT_ADDED_DATE,PRODUCT_UPDATE_DATE,CATEGORY_ID,USER_ID,ADMIN_VERIFIED) values (621,'Guava','Savor the tropical taste of our fresh Guavas, known for their sweet, fragrant flavor and juicy, tender flesh. Perfect for snacking, smoothies, or adding to salads. Packed with vitamins and antioxidants for a healthy treat!',1,200,'yes',1,null,'Guava is generally allergen-free but processed in a facility that handles nuts and other fruits. Please consult with staff for specific allergy concerns or detailed ingredient information.','6652639813087.jpeg',to_date('26-MAY-24','DD-MON-RR'),to_date('26-MAY-24','DD-MON-RR'),1100,6,1);
Insert into PRODUCT (PRODUCT_ID,PRODUCT_NAME,PRODUCT_DESCRIPTION,PRODUCT_PRICE,PRODUCT_QUANTITY,STOCK_AVAILABLE,IS_DISABLED,MAX_ORDER,ALLERGY_INFORMATION,PRODUCT_PICTURE,PRODUCT_ADDED_DATE,PRODUCT_UPDATE_DATE,CATEGORY_ID,USER_ID,ADMIN_VERIFIED) values (622,'Watermelon','Refresh with our juicy Watermelon, bursting with sweet, hydrating flavor. Perfect for hot days, snacks, or adding to salads. Packed with vitamins and antioxidants for a delicious, healthy treat!',14,246,'yes',1,null,'Watermelon is generally allergen-free but processed in a facility that handles nuts and other fruits. Please consult with staff for specific allergy concerns or detailed ingredient information.','665263eb59cc2.jpeg',to_date('26-MAY-24','DD-MON-RR'),to_date('26-MAY-24','DD-MON-RR'),1104,6,1);
Insert into PRODUCT (PRODUCT_ID,PRODUCT_NAME,PRODUCT_DESCRIPTION,PRODUCT_PRICE,PRODUCT_QUANTITY,STOCK_AVAILABLE,IS_DISABLED,MAX_ORDER,ALLERGY_INFORMATION,PRODUCT_PICTURE,PRODUCT_ADDED_DATE,PRODUCT_UPDATE_DATE,CATEGORY_ID,USER_ID,ADMIN_VERIFIED) values (623,'Lemon','Brighten your dishes with our fresh Lemons, known for their vibrant, tangy flavor and zesty aroma. Perfect for cooking, baking, or adding a refreshing twist to drinks. Packed with vitamin C for a healthy boost!',1,398,'yes',1,null,'Lemons are generally allergen-free but processed in a facility that handles nuts and other fruits. Please consult with staff for specific allergy concerns or detailed ingredient information.','6652644715517.jpeg',to_date('26-MAY-24','DD-MON-RR'),to_date('26-MAY-24','DD-MON-RR'),1104,6,1);
Insert into PRODUCT (PRODUCT_ID,PRODUCT_NAME,PRODUCT_DESCRIPTION,PRODUCT_PRICE,PRODUCT_QUANTITY,STOCK_AVAILABLE,IS_DISABLED,MAX_ORDER,ALLERGY_INFORMATION,PRODUCT_PICTURE,PRODUCT_ADDED_DATE,PRODUCT_UPDATE_DATE,CATEGORY_ID,USER_ID,ADMIN_VERIFIED) values (624,'Kiwi','Enjoy the sweet and tangy flavor of our fresh Kiwis, with their vibrant green flesh and tiny black seeds. Perfect for snacking, smoothies, or adding to salads. Rich in vitamins, fiber, and antioxidants for a healthy treat!',3,300,'yes',1,null,'Contains kiwi. Processed in a facility that handles nuts and other fruits. Please consult with staff for specific allergy concerns or detailed ingredient information.','66526490411cd.jpeg',to_date('26-MAY-24','DD-MON-RR'),to_date('26-MAY-24','DD-MON-RR'),1100,6,1);
Insert into PRODUCT (PRODUCT_ID,PRODUCT_NAME,PRODUCT_DESCRIPTION,PRODUCT_PRICE,PRODUCT_QUANTITY,STOCK_AVAILABLE,IS_DISABLED,MAX_ORDER,ALLERGY_INFORMATION,PRODUCT_PICTURE,PRODUCT_ADDED_DATE,PRODUCT_UPDATE_DATE,CATEGORY_ID,USER_ID,ADMIN_VERIFIED) values (603,'French Macaron','Enjoy our delicate French Macarons, featuring a crisp, airy shell with a chewy center, filled with a variety of rich, flavorful creams. Perfect for a sophisticated treat or special occasion indulgence!',3,30,'yes',1,null,'Contains almonds, eggs, and milk. Made in a facility that also processes wheat, peanuts, and other tree nuts. Please consult with staff for specific allergy concerns or detailed ingredient information.','665256072a7df.png',to_date('25-MAY-24','DD-MON-RR'),to_date('25-MAY-24','DD-MON-RR'),1100,2,1);
Insert into PRODUCT (PRODUCT_ID,PRODUCT_NAME,PRODUCT_DESCRIPTION,PRODUCT_PRICE,PRODUCT_QUANTITY,STOCK_AVAILABLE,IS_DISABLED,MAX_ORDER,ALLERGY_INFORMATION,PRODUCT_PICTURE,PRODUCT_ADDED_DATE,PRODUCT_UPDATE_DATE,CATEGORY_ID,USER_ID,ADMIN_VERIFIED) values (600,'Cinnammon Roll','Indulge in our freshly baked cinnamon rolls, featuring a soft, fluffy dough swirled with a rich cinnamon-sugar blend, and topped with a creamy, melt-in-your-mouth glaze. Perfect for breakfast or a sweet treat!',10,20,'yes',1,null,'Contains wheat, milk, eggs, and soy. Produced in a facility that also processes nuts and tree nuts. Please consult with staff if you have any specific allergy concerns.','665254ac27a83.jpeg',to_date('25-MAY-24','DD-MON-RR'),to_date('25-MAY-24','DD-MON-RR'),1100,2,1);
Insert into PRODUCT (PRODUCT_ID,PRODUCT_NAME,PRODUCT_DESCRIPTION,PRODUCT_PRICE,PRODUCT_QUANTITY,STOCK_AVAILABLE,IS_DISABLED,MAX_ORDER,ALLERGY_INFORMATION,PRODUCT_PICTURE,PRODUCT_ADDED_DATE,PRODUCT_UPDATE_DATE,CATEGORY_ID,USER_ID,ADMIN_VERIFIED) values (601,'Apple Strudel','Experience the delight of our Apple Strudel, filled with tender, spiced apples and raisins, wrapped in flaky pastry, and dusted with powdered sugar. Perfect for dessert or a sweet snack anytime!',10,6,'yes',1,null,'Contains wheat, milk, and eggs. May contain traces of nuts and soy, as it is made in a facility that processes these allergens. Please consult with staff for detailed allergy concerns and information.','6652552f78dcf.jpeg',to_date('25-MAY-24','DD-MON-RR'),to_date('25-MAY-24','DD-MON-RR'),1100,2,1);
Insert into PRODUCT (PRODUCT_ID,PRODUCT_NAME,PRODUCT_DESCRIPTION,PRODUCT_PRICE,PRODUCT_QUANTITY,STOCK_AVAILABLE,IS_DISABLED,MAX_ORDER,ALLERGY_INFORMATION,PRODUCT_PICTURE,PRODUCT_ADDED_DATE,PRODUCT_UPDATE_DATE,CATEGORY_ID,USER_ID,ADMIN_VERIFIED) values (602,'Lemon Bars','Savor our tangy Lemon Bars, featuring a zesty lemon filling atop a buttery shortbread crust, dusted with powdered sugar. Perfectly balanced between sweet and tart, ideal for any occasion or snack!',5,57,'yes',1,null,'Contains wheat, milk, and eggs. Made in a facility that processes nuts and soy. Please consult with staff if you have specific allergy concerns or need detailed information about ingredients.','6652559696896.jpeg',to_date('25-MAY-24','DD-MON-RR'),to_date('25-MAY-24','DD-MON-RR'),1100,2,1);
Insert into PRODUCT (PRODUCT_ID,PRODUCT_NAME,PRODUCT_DESCRIPTION,PRODUCT_PRICE,PRODUCT_QUANTITY,STOCK_AVAILABLE,IS_DISABLED,MAX_ORDER,ALLERGY_INFORMATION,PRODUCT_PICTURE,PRODUCT_ADDED_DATE,PRODUCT_UPDATE_DATE,CATEGORY_ID,USER_ID,ADMIN_VERIFIED) values (604,'Trifle','Delight in our classic Trifle, a layered dessert of moist sponge cake, creamy custard, and fresh fruit, topped with a dollop of whipped cream and a sprinkle of nuts. Perfectly balanced with sweet and fruity flavors, it&#039;s an irresistible treat for any occasion!

',9,87,'yes',1,null,'Contains wheat, milk, eggs, and nuts. Made in a facility that processes soy and other tree nuts. Please consult with staff for specific allergy concerns or detailed ingredient information.','665256840ad96.jpeg',to_date('25-MAY-24','DD-MON-RR'),to_date('25-MAY-24','DD-MON-RR'),1100,2,1);
Insert into PRODUCT (PRODUCT_ID,PRODUCT_NAME,PRODUCT_DESCRIPTION,PRODUCT_PRICE,PRODUCT_QUANTITY,STOCK_AVAILABLE,IS_DISABLED,MAX_ORDER,ALLERGY_INFORMATION,PRODUCT_PICTURE,PRODUCT_ADDED_DATE,PRODUCT_UPDATE_DATE,CATEGORY_ID,USER_ID,ADMIN_VERIFIED) values (605,'Bacon','Savor our premium Bacon, perfectly cured and smoked for a rich, savory flavor. Crispy and delicious, it&#039;s ideal for breakfast, sandwiches, or adding a tasty twist to your favorite dishes. Enjoy every bite!',10,45,'yes',1,null,'Contains pork. Made in a facility that processes soy and wheat. Please consult with staff for specific allergy concerns or detailed ingredient information.','6652587a33456.jpeg',to_date('25-MAY-24','DD-MON-RR'),to_date('25-MAY-24','DD-MON-RR'),1101,3,1);
Insert into PRODUCT (PRODUCT_ID,PRODUCT_NAME,PRODUCT_DESCRIPTION,PRODUCT_PRICE,PRODUCT_QUANTITY,STOCK_AVAILABLE,IS_DISABLED,MAX_ORDER,ALLERGY_INFORMATION,PRODUCT_PICTURE,PRODUCT_ADDED_DATE,PRODUCT_UPDATE_DATE,CATEGORY_ID,USER_ID,ADMIN_VERIFIED) values (606,'Chicken Liver','Enjoy our fresh Chicken Liver, rich in flavor and nutrients. Perfect for saut&eacute;ing, making p&acirc;t&eacute;, or adding to your favorite recipes. Versatile and delicious, it&#039;s a gourmet ingredient for any meal.',13,29,'yes',1,null,'Contains chicken. Processed in a facility that handles soy, wheat, and other meats. Please consult with staff for specific allergy concerns or detailed ingredient information.','665258e58c6e8.jpeg',to_date('25-MAY-24','DD-MON-RR'),to_date('25-MAY-24','DD-MON-RR'),1101,3,1);
Insert into PRODUCT (PRODUCT_ID,PRODUCT_NAME,PRODUCT_DESCRIPTION,PRODUCT_PRICE,PRODUCT_QUANTITY,STOCK_AVAILABLE,IS_DISABLED,MAX_ORDER,ALLERGY_INFORMATION,PRODUCT_PICTURE,PRODUCT_ADDED_DATE,PRODUCT_UPDATE_DATE,CATEGORY_ID,USER_ID,ADMIN_VERIFIED) values (607,'Pork Chop','Indulge in our succulent Pork Chops, expertly cut and perfect for grilling, baking, or pan-searing. With a tender, juicy texture and rich flavor, these chops are ideal for creating a delicious, hearty meal that everyone will love. Perfect for any occasion!',15,51,'yes',1,null,'Contains pork. Processed in a facility that handles soy, wheat, and other meats. Please consult with staff for specific allergy concerns or detailed ingredient information.','6652595a2edbb.jpeg',to_date('25-MAY-24','DD-MON-RR'),to_date('25-MAY-24','DD-MON-RR'),1101,3,1);
Insert into PRODUCT (PRODUCT_ID,PRODUCT_NAME,PRODUCT_DESCRIPTION,PRODUCT_PRICE,PRODUCT_QUANTITY,STOCK_AVAILABLE,IS_DISABLED,MAX_ORDER,ALLERGY_INFORMATION,PRODUCT_PICTURE,PRODUCT_ADDED_DATE,PRODUCT_UPDATE_DATE,CATEGORY_ID,USER_ID,ADMIN_VERIFIED) values (608,'Lamb Chop','Experience the exquisite taste of our Lamb Chops, expertly cut and perfect for grilling, roasting, or pan-searing. With tender, juicy meat and a rich, savory flavor, these chops are ideal for creating a gourmet meal that will impress any guest. Perfect for any special occasion!',19,49,'yes',1,null,'Contains lamb. Processed in a facility that handles soy, wheat, and other meats. Please consult with staff for specific allergy concerns or detailed ingredient information.','665259da15904.jpeg',to_date('25-MAY-24','DD-MON-RR'),to_date('25-MAY-24','DD-MON-RR'),1101,3,1);
Insert into PRODUCT (PRODUCT_ID,PRODUCT_NAME,PRODUCT_DESCRIPTION,PRODUCT_PRICE,PRODUCT_QUANTITY,STOCK_AVAILABLE,IS_DISABLED,MAX_ORDER,ALLERGY_INFORMATION,PRODUCT_PICTURE,PRODUCT_ADDED_DATE,PRODUCT_UPDATE_DATE,CATEGORY_ID,USER_ID,ADMIN_VERIFIED) values (609,'Frozen Whole Chicken','Our Frozen Whole Chicken is perfect for roasting, grilling, or slow cooking. Carefully selected and flash-frozen to lock in freshness and flavor, it&#039;s a versatile and delicious addition to any meal. Enjoy tender, juicy meat every time!',20,65,'yes',1,null,'Contains chicken. Processed in a facility that handles soy, wheat, and other meats. Please consult with staff for specific allergy concerns or detailed ingredient information.','66525a44853a6.jpeg',to_date('25-MAY-24','DD-MON-RR'),to_date('25-MAY-24','DD-MON-RR'),1101,3,1);
Insert into PRODUCT (PRODUCT_ID,PRODUCT_NAME,PRODUCT_DESCRIPTION,PRODUCT_PRICE,PRODUCT_QUANTITY,STOCK_AVAILABLE,IS_DISABLED,MAX_ORDER,ALLERGY_INFORMATION,PRODUCT_PICTURE,PRODUCT_ADDED_DATE,PRODUCT_UPDATE_DATE,CATEGORY_ID,USER_ID,ADMIN_VERIFIED) values (610,'Atlantic Salmon','Enjoy our premium Atlantic Salmon, known for its rich, buttery flavor and tender texture. Perfect for grilling, baking, or pan-searing, it&#039;s a delicious and healthy choice for any meal. Savor the freshness!',30,30,'yes',1,null,'Contains fish (salmon). Processed in a facility that also handles shellfish and other seafood. Please consult with staff for specific allergy concerns or detailed ingredient information.','66525c69e843b.jpeg',to_date('25-MAY-24','DD-MON-RR'),to_date('25-MAY-24','DD-MON-RR'),1103,4,1);
Insert into PRODUCT (PRODUCT_ID,PRODUCT_NAME,PRODUCT_DESCRIPTION,PRODUCT_PRICE,PRODUCT_QUANTITY,STOCK_AVAILABLE,IS_DISABLED,MAX_ORDER,ALLERGY_INFORMATION,PRODUCT_PICTURE,PRODUCT_ADDED_DATE,PRODUCT_UPDATE_DATE,CATEGORY_ID,USER_ID,ADMIN_VERIFIED) values (611,'Lobster Tail','Indulge in our succulent Lobster Tail, known for its sweet, tender meat. Perfect for grilling, broiling, or baking, it&#039;s a luxurious addition to any meal, offering a gourmet dining experience at home.',40,15,'yes',1,null,'Contains shellfish (lobster). Processed in a facility that also handles fish, crustaceans, and other seafood. Please consult with staff for specific allergy concerns or detailed ingredient information.','66525ce118030.jpeg',to_date('25-MAY-24','DD-MON-RR'),to_date('25-MAY-24','DD-MON-RR'),1103,4,1);
Insert into PRODUCT (PRODUCT_ID,PRODUCT_NAME,PRODUCT_DESCRIPTION,PRODUCT_PRICE,PRODUCT_QUANTITY,STOCK_AVAILABLE,IS_DISABLED,MAX_ORDER,ALLERGY_INFORMATION,PRODUCT_PICTURE,PRODUCT_ADDED_DATE,PRODUCT_UPDATE_DATE,CATEGORY_ID,USER_ID,ADMIN_VERIFIED) values (612,'French Crab Raw','Discover the exquisite flavor of our French Crab, known for its sweet, delicate meat. Perfect for steaming, boiling, or incorporating into your favorite recipes. Enjoy a taste of gourmet seafood at home!',60,9,'yes',1,null,'Contains shellfish (crab). Processed in a facility that also handles fish, crustaceans, and other seafood. Please consult with staff for specific allergy concerns or detailed ingredient information.','66525d429c20c.jpeg',to_date('25-MAY-24','DD-MON-RR'),to_date('25-MAY-24','DD-MON-RR'),1103,4,1);
Insert into PRODUCT (PRODUCT_ID,PRODUCT_NAME,PRODUCT_DESCRIPTION,PRODUCT_PRICE,PRODUCT_QUANTITY,STOCK_AVAILABLE,IS_DISABLED,MAX_ORDER,ALLERGY_INFORMATION,PRODUCT_PICTURE,PRODUCT_ADDED_DATE,PRODUCT_UPDATE_DATE,CATEGORY_ID,USER_ID,ADMIN_VERIFIED) values (613,'Sea Prawns','Delight in our fresh Sea Prawns, known for their firm, juicy texture and sweet flavor. Perfect for grilling, saut&eacute;ing, or adding to your favorite dishes. Versatile and delicious, ideal for any seafood lover!',90,43,'yes',1,null,'Contains shellfish (prawns). Processed in a facility that also handles fish, crustaceans, and other seafood. Please consult with staff for specific allergy concerns or detailed ingredient information.','66525db2b54a9.jpeg',to_date('25-MAY-24','DD-MON-RR'),to_date('25-MAY-24','DD-MON-RR'),1103,4,1);
Insert into PRODUCT (PRODUCT_ID,PRODUCT_NAME,PRODUCT_DESCRIPTION,PRODUCT_PRICE,PRODUCT_QUANTITY,STOCK_AVAILABLE,IS_DISABLED,MAX_ORDER,ALLERGY_INFORMATION,PRODUCT_PICTURE,PRODUCT_ADDED_DATE,PRODUCT_UPDATE_DATE,CATEGORY_ID,USER_ID,ADMIN_VERIFIED) values (614,'Shrimp','Enjoy our fresh Shrimp, renowned for their tender, succulent texture and sweet flavor. Perfect for grilling, saut&eacute;ing, or incorporating into various dishes. Versatile and delicious for any seafood recipe!',100,58,'yes',1,null,'Contains shellfish (shrimp). Processed in a facility that also handles fish, crustaceans, and other seafood. Please consult with staff for specific allergy concerns or detailed ingredient information.','66525e2165833.jpeg',to_date('25-MAY-24','DD-MON-RR'),to_date('25-MAY-24','DD-MON-RR'),1103,4,1);






Insert into ORDER_PRODUCT (ORDER_PRODUCT_ID,NO_OF_PRODUCT,ORDER_STATUS,TOTAL_PRICE,SLOT_ID,CART_ID,ORDER_DATE,ORDER_TIME,DISCOUNT_AMOUNT,CUSTOMER_ID) values (1400,9,1,72,1500,900,to_date('26-MAY-24','DD-MON-RR'),to_timestamp('26-MAY-24 04.10.33.284000000 AM','DD-MON-RR HH.MI.SSXFF AM'),0,300);
Insert into ORDER_PRODUCT (ORDER_PRODUCT_ID,NO_OF_PRODUCT,ORDER_STATUS,TOTAL_PRICE,SLOT_ID,CART_ID,ORDER_DATE,ORDER_TIME,DISCOUNT_AMOUNT,CUSTOMER_ID) values (1401,6,1,58,1501,900,to_date('26-MAY-24','DD-MON-RR'),to_timestamp('26-MAY-24 04.24.58.286000000 AM','DD-MON-RR HH.MI.SSXFF AM'),0,300);
Insert into ORDER_PRODUCT (ORDER_PRODUCT_ID,NO_OF_PRODUCT,ORDER_STATUS,TOTAL_PRICE,SLOT_ID,CART_ID,ORDER_DATE,ORDER_TIME,DISCOUNT_AMOUNT,CUSTOMER_ID) values (1402,4,1,380,1502,900,to_date('26-MAY-24','DD-MON-RR'),to_timestamp('26-MAY-24 04.27.18.249000000 AM','DD-MON-RR HH.MI.SSXFF AM'),0,300);
Insert into ORDER_PRODUCT (ORDER_PRODUCT_ID,NO_OF_PRODUCT,ORDER_STATUS,TOTAL_PRICE,SLOT_ID,CART_ID,ORDER_DATE,ORDER_TIME,DISCOUNT_AMOUNT,CUSTOMER_ID) values (1403,15,1,675,1503,900,to_date('26-MAY-24','DD-MON-RR'),to_timestamp('26-MAY-24 04.28.33.631000000 AM','DD-MON-RR HH.MI.SSXFF AM'),0,300);
Insert into ORDER_PRODUCT (ORDER_PRODUCT_ID,NO_OF_PRODUCT,ORDER_STATUS,TOTAL_PRICE,SLOT_ID,CART_ID,ORDER_DATE,ORDER_TIME,DISCOUNT_AMOUNT,CUSTOMER_ID) values (1404,15,1,300,1504,900,to_date('26-MAY-24','DD-MON-RR'),to_timestamp('26-MAY-24 04.31.24.385000000 AM','DD-MON-RR HH.MI.SSXFF AM'),0,300);




Insert into ORDER_DETAILS (PRODUCT_ID,TRADER_USER_ID,ORDER_PRODUCT_ID,PRODUCT_QTY,PRODUCT_PRICE) values (604,2,1400,3,9);
Insert into ORDER_DETAILS (PRODUCT_ID,TRADER_USER_ID,ORDER_PRODUCT_ID,PRODUCT_QTY,PRODUCT_PRICE) values (601,2,1400,3,10);
Insert into ORDER_DETAILS (PRODUCT_ID,TRADER_USER_ID,ORDER_PRODUCT_ID,PRODUCT_QTY,PRODUCT_PRICE) values (602,2,1400,3,5);
Insert into ORDER_DETAILS (PRODUCT_ID,TRADER_USER_ID,ORDER_PRODUCT_ID,PRODUCT_QTY,PRODUCT_PRICE) values (623,6,1401,2,1);
Insert into ORDER_DETAILS (PRODUCT_ID,TRADER_USER_ID,ORDER_PRODUCT_ID,PRODUCT_QTY,PRODUCT_PRICE) values (622,6,1401,4,14);
Insert into ORDER_DETAILS (PRODUCT_ID,TRADER_USER_ID,ORDER_PRODUCT_ID,PRODUCT_QTY,PRODUCT_PRICE) values (614,4,1402,2,100);
Insert into ORDER_DETAILS (PRODUCT_ID,TRADER_USER_ID,ORDER_PRODUCT_ID,PRODUCT_QTY,PRODUCT_PRICE) values (613,4,1402,2,90);
Insert into ORDER_DETAILS (PRODUCT_ID,TRADER_USER_ID,ORDER_PRODUCT_ID,PRODUCT_QTY,PRODUCT_PRICE) values (618,5,1403,15,45);
Insert into ORDER_DETAILS (PRODUCT_ID,TRADER_USER_ID,ORDER_PRODUCT_ID,PRODUCT_QTY,PRODUCT_PRICE) values (609,3,1404,15,20);




Insert into COLLECTION_SLOT (SLOT_ID,SLOT_DATE,SLOT_TIME,SLOT_DAY,ORDER_PRODUCT_ID,LOCATION) values (1501,to_date('29-MAY-24','DD-MON-RR'),'13:00-16:00','Wednesday',1401,'Location 2');
Insert into COLLECTION_SLOT (SLOT_ID,SLOT_DATE,SLOT_TIME,SLOT_DAY,ORDER_PRODUCT_ID,LOCATION) values (1500,to_date('03-JUN-24','DD-MON-RR'),'10:00-13:00','Monday',1400,'Location 2');
Insert into COLLECTION_SLOT (SLOT_ID,SLOT_DATE,SLOT_TIME,SLOT_DAY,ORDER_PRODUCT_ID,LOCATION) values (1502,to_date('31-MAY-24','DD-MON-RR'),'16:00-19:00','Friday',1402,'Location 2');
Insert into COLLECTION_SLOT (SLOT_ID,SLOT_DATE,SLOT_TIME,SLOT_DAY,ORDER_PRODUCT_ID,LOCATION) values (1503,to_date('29-MAY-24','DD-MON-RR'),'16:00-19:00','Wednesday',1403,'Location 3');
Insert into COLLECTION_SLOT (SLOT_ID,SLOT_DATE,SLOT_TIME,SLOT_DAY,ORDER_PRODUCT_ID,LOCATION) values (1504,to_date('31-MAY-24','DD-MON-RR'),'10:00-13:00','Friday',1404,'Location 2');



Insert into PAYMENT (PAYMENT_ID,PAYMENT_DATE,PAYMENT_TYPE,PAYMENT_AMOUNT,CUSTOMER_ID,ORDER_PRODUCT_ID) values (1301,to_date('26-MAY-24','DD-MON-RR'),'PayPal',1,300,1401);
Insert into PAYMENT (PAYMENT_ID,PAYMENT_DATE,PAYMENT_TYPE,PAYMENT_AMOUNT,CUSTOMER_ID,ORDER_PRODUCT_ID) values (1300,to_date('26-MAY-24','DD-MON-RR'),'PayPal',1,300,1400);
Insert into PAYMENT (PAYMENT_ID,PAYMENT_DATE,PAYMENT_TYPE,PAYMENT_AMOUNT,CUSTOMER_ID,ORDER_PRODUCT_ID) values (1302,to_date('26-MAY-24','DD-MON-RR'),'PayPal',4,300,1402);
Insert into PAYMENT (PAYMENT_ID,PAYMENT_DATE,PAYMENT_TYPE,PAYMENT_AMOUNT,CUSTOMER_ID,ORDER_PRODUCT_ID) values (1303,to_date('26-MAY-24','DD-MON-RR'),'PayPal',7,300,1403);
Insert into PAYMENT (PAYMENT_ID,PAYMENT_DATE,PAYMENT_TYPE,PAYMENT_AMOUNT,CUSTOMER_ID,ORDER_PRODUCT_ID) values (1304,to_date('26-MAY-24','DD-MON-RR'),'PayPal',3,300,1404);





Insert into REVIEW (REVIEW_ID,REVIEW_DATE,REVIEW_SCORE,FEEDBACK,PRODUCT_ID,USER_ID,REVIEW_PROCIDED,ORDER_ID,CUSTOMER_ID) values (803,to_date('26-MAY-24','DD-MON-RR'),5,'The lemons were incredibly fresh and zesty, adding the perfect tangy flavor to my dishes!',623,7,1,1401,300);
Insert into REVIEW (REVIEW_ID,REVIEW_DATE,REVIEW_SCORE,FEEDBACK,PRODUCT_ID,USER_ID,REVIEW_PROCIDED,ORDER_ID,CUSTOMER_ID) values (804,to_date('26-MAY-24','DD-MON-RR'),5,'The watermelon was exceptionally juicy and sweet, making it a refreshing and delicious treat!',622,7,1,1401,300);
Insert into REVIEW (REVIEW_ID,REVIEW_DATE,REVIEW_SCORE,FEEDBACK,PRODUCT_ID,USER_ID,REVIEW_PROCIDED,ORDER_ID,CUSTOMER_ID) values (800,to_date('26-MAY-24','DD-MON-RR'),5,'The trifle was a delightful treat! The layers of moist sponge cake, creamy custard, and fresh fruit were perfectly balanced. A delicious, indulgent dessert!',604,7,1,1400,300);
Insert into REVIEW (REVIEW_ID,REVIEW_DATE,REVIEW_SCORE,FEEDBACK,PRODUCT_ID,USER_ID,REVIEW_PROCIDED,ORDER_ID,CUSTOMER_ID) values (801,to_date('26-MAY-24','DD-MON-RR'),5,'The apple strudel was divine! The pastry was perfectly flaky, and the spiced apple filling was deliciously sweet and warm. A wonderful treat for any time of day!',601,7,1,1400,300);
Insert into REVIEW (REVIEW_ID,REVIEW_DATE,REVIEW_SCORE,FEEDBACK,PRODUCT_ID,USER_ID,REVIEW_PROCIDED,ORDER_ID,CUSTOMER_ID) values (802,to_date('26-MAY-24','DD-MON-RR'),5,'The lemon bars were absolutely delicious! The perfect balance of tart and sweet, with a buttery crust and zesty lemon filling. A refreshing and delightful treat!',602,7,1,1400,300);
Insert into REVIEW (REVIEW_ID,REVIEW_DATE,REVIEW_SCORE,FEEDBACK,PRODUCT_ID,USER_ID,REVIEW_PROCIDED,ORDER_ID,CUSTOMER_ID) values (805,to_date('26-MAY-24','DD-MON-RR'),5,'The shrimp were fresh and succulent, with a sweet flavor that was perfect for grilling and sauting!',614,7,1,1402,300);
Insert into REVIEW (REVIEW_ID,REVIEW_DATE,REVIEW_SCORE,FEEDBACK,PRODUCT_ID,USER_ID,REVIEW_PROCIDED,ORDER_ID,CUSTOMER_ID) values (806,to_date('26-MAY-24','DD-MON-RR'),4,'The sea prawns were firm and flavorful, adding a delicious touch to our seafood dishes!',613,7,1,1402,300);
Insert into REVIEW (REVIEW_ID,REVIEW_DATE,REVIEW_SCORE,FEEDBACK,PRODUCT_ID,USER_ID,REVIEW_PROCIDED,ORDER_ID,CUSTOMER_ID) values (807,to_date('26-MAY-24','DD-MON-RR'),3,'The mozzarella was fresh and creamy, perfect for salads and pizzas. A delightful, milky flavor!',618,7,1,1403,300);



